{
	"left": [5.536833, 7.319004, 9.059738, 10.826002, 12.526858, 14.342147, 16.009602, 17.85883, 19.542338, 27.209182, 28.143154, 29.002909, 29.87611, 30.742967, 33.24259, 33.69263, 34.325963, 35.219699, 36.376, 36.777587, 41.291833, 42.192892, 43.225068, 44.042997, 44.876331, 46.03966, 47.242302, 47.709251, 49.317089, 50.375626, 51.235226, 55.183457, 55.63397, 56.058336, 56.459094, 58.792582, 59.175915, 59.592613, 60.059279, 61.784334, 62.676001, 63.109334, 64.392583, 64.85925, 66.175003, 66.616793, 67.892726, 68.358337, 69.259095, 71.02472, 73.125909, 73.625909, 74.959242, 75.409254, 76.292587, 78.009254, 80.209019, 80.708338, 81.942429, 82.392429, 83.500004, 84.416671, 86.189104, 87.121265, 87.704538, 89.454231, 89.887678, 90.60459, 91.504787, 92.58452, 93.352067, 94.668831, 97.600005, 98.533338, 99.350005, 100.400005, 101.159076, 103.466672, 103.933339, 105.633339, 106.583339, 108.657765, 109.150006, 111.366672, 111.800006, 112.216673, 112.742286, 114.933339, 115.366673, 115.733339, 116.183339, 118.016673, 118.450006, 120.150006, 121.516673, 123.750006, 125.460613, 127.23334, 129.350007, 129.837205, 131.093805, 131.566674, 132.48334, 134.192431, 136.442154, 136.866674, 138.217255, 138.601346, 138.982409, 140.79884, 142.566066, 144.316348, 146.066675, 147.816675, 149.615465, 151.349556, 153.566239, 153.966239, 154.415219, 154.865339, 155.714942, 157.066148, 157.499525, 157.932858, 158.399525, 160.166225, 161.049559, 161.466225, 162.799531, 163.249531, 164.14911, 165.866055, 167.266202, 169.332869, 171.548773, 171.998989, 173.266125, 173.741125, 174.641125, 176.356916, 178.565889, 179.015995, 180.282769, 180.766102],
	"right": [6.425822, 8.192564, 9.925443, 11.709495, 13.477615, 15.192905, 16.927387, 18.658976, 19.542338, 27.493154, 27.909821, 29.242636, 29.67611, 30.983507, 31.467697, 31.975295, 32.84259, 34.542886, 34.992886, 36.091909, 37.160725, 41.509257, 41.959559, 43.425776, 43.826331, 45.076331, 45.592997, 46.758493, 48.525917, 48.92593, 49.950626, 50.759308, 57.992427, 58.425761, 60.425946, 60.876001, 62.309334, 63.925916, 65.30925, 67.458863, 69.675761, 70.134095, 71.458578, 71.909242, 72.709242, 74.492575, 76.709254, 77.175921, 78.474565, 78.958656, 79.809019, 81.542429, 83.754476, 84.137807, 85.45444, 85.838902, 88.152984, 89.002995, 90.821957, 91.188156, 92.121341, 92.951944, 94.902164, 97.828793, 98.209096, 99.583339, 100.000005, 101.383339, 101.800005, 102.179551, 103.116672, 105.02572, 105.350005, 106.200006, 108.899762, 109.150006, 114.200006, 114.500006, 116.583339, 117.042002, 118.83334, 119.300006, 120.600006, 121.050006, 122.300006, 122.78334, 124.150006, 124.58334, 125.866673, 126.350007, 127.647734, 128.116673, 128.98334, 130.683956, 132.88334, 133.350007, 134.63334, 135.13334, 136.016674, 137.770833, 139.898857, 140.79884, 143.499619, 144.316348, 147.016675, 147.816675, 150.516223, 151.366223, 156.407366, 156.632366, 158.816191, 159.266191, 160.599559, 162.332106, 163.747258, 164.549112, 164.966055, 166.282722, 166.699397, 168.016202, 168.499535, 169.816202, 170.232869, 171.098418, 172.865978, 175.057792, 175.532792, 176.832419, 177.282545, 178.099222, 179.832769],
	"move": [24.9, 4.1, 5.5, 4.8, 10.6, 2.55, 1.85, 7.15, 7.5, 7.05, 7.2, 11.5, 13.5, 17.1, 7.05, 6.8, 13.35, 14.75, 7.3]
}