{
	"left": [5.536833, 7.319004, 9.059738, 10.826002, 12.526858, 14.342147, 16.009602, 17.85883, 19.542338, 27.209182, 28.143154, 29.002909, 29.87611, 30.742967, 33.24259, 33.69263, 34.325963, 35.219699, 36.376, 41.291833, 42.192892, 43.225068, 44.042997, 44.876331, 46.03966, 47.242302, 47.709251, 49.317089, 50.375626, 51.235226, 55.183457, 55.63397, 56.058336, 56.459094, 58.792582, 59.175915, 59.592613, 60.059279, 61.784334, 62.676001, 63.109334, 64.392583, 64.85925, 66.175003, 66.616793, 67.892726, 68.358337, 69.259095, 71.02472, 73.125909, 73.625909, 74.959242, 75.409254, 76.292587, 78.009254, 80.209019, 80.708338, 81.942429, 82.392429],
	"right": [6.425822, 8.192564, 9.925443, 11.709495, 13.477615, 15.192905, 16.927387, 18.658976, 19.542338, 27.493154, 27.909821, 29.242636, 29.67611, 30.983507, 31.467697, 31.975295, 32.84259, 34.542886, 34.992886, 36.091909, 41.509257, 41.959559, 43.425776, 43.826331, 45.076331, 45.592997, 46.758493, 48.525917, 48.92593, 49.950626, 50.759308, 57.992427, 58.425761, 60.425946, 60.876001, 62.309334, 63.925916, 65.30925, 67.458863, 69.675761, 70.134095, 71.458578, 71.909242, 72.709242, 74.492575, 76.709254, 77.175921, 78.474565, 78.958656, 79.809019, 81.542429],
	"move": [24.9, 4.1, 5.5, 4.8, 10.6, 2.55, 1.85, 7.15, 7.5, 7.05, 7.2, 11.5, 13.5, 17.1, 7.05, 6.8, 13.35, 14.75, 7.3]

}