{
	"left": [2.4838, 4.48279, 6.441606, 8.415051, 10.410987, 11.433139, 12.474266, 14.185757, 15.176163, 16.172498, 22.247613, 23.235254, 24.283646, 30.253115, 32.218281, 33.772593, 35.263409, 37.267167, 38.251319, 40.250507, 41.767932, 43.292259, 44.284587, 46.267169, 48.283842, 51.286127, 54.26946, 55.252788, 56.269455],
	"right": [3.477055, 5.455259, 7.40842, 9.458336, 10.422098, 11.455361, 12.474266, 18.200351, 19.258194, 20.252108, 26.193441, 28.232224, 31.271093, 33.243784, 34.235658, 36.286387, 37.767228, 39.251666, 41.284598, 42.263386, 44.284587, 47.249397, 50.21946, 52.24446, 58.202579, 60.200443],
	"move": [14.25, 4.05, 3.95, 4.15, 3.9, 4, 4.05, 4, 4, 4, 4, 4, 15, 15]

}