{
	"left": [2.517782, 4.565288, 6.498455, 8.515121, 10.513477, 12.597314, 14.308003, 15.266668, 16.207577, 22.338851, 23.255613, 24.205663, 30.348159, 32.315584, 33.832305, 35.299008, 37.348769, 38.348901, 40.348901, 41.832355, 43.365832, 46.299166, 47.265832, 48.331898, 54.297745, 55.265081, 56.381748, 60.298635],
	"right": [3.515337, 5.515288, 7.431788, 9.496758, 10.513477, 12.588981, 18.275001, 19.191668, 20.271611, 26.313378, 28.329714, 31.315584, 33.307305, 34.282342, 36.34806, 37.832143, 39.415568, 41.315568, 42.315832, 44.332499, 50.282255, 51.297905, 52.31533, 58.331748, 60.298635],
	"move": [13.9, 8, 7.55, 8.35, 8.15, 7.95]
}