{
	"left": [2.040318, 4.072778, 6.077144, 8.041026, 10.040754, 12.021364, 14.107469, 15.141548, 16.108251, 22.047839, 23.10226, 24.019003, 30.023709, 32.090511, 33.606143, 35.086416, 37.083804, 38.091817, 40.048381, 41.582472, 43.076621, 46.028016, 47.028773, 48.09544, 54.043336, 55.114387, 56.130815, 59.993337],
	"right": [3.012222, 5.082575, 7.066516, 9.007574, 10.040754, 12.021364, 18.04351, 18.973731, 19.997789, 26.019704, 28.00544, 31.069093, 33.073834, 34.103736, 36.082154, 37.608484, 39.075151, 41.040805, 42.099138, 44.115179, 50.060003, 51.077745, 52.011836, 58.100155, 59.993337],
	"move": [13.81, 7.65, 7.4, 4.8, 4.05, 4.2, 3.95, 7.8]


}