{
	"left": [6.38422, 7.450887, 8.467554, 8.917554, 10.734221, 11.800887, 12.334221, 13.417554, 14.434221, 15.334221, 15.650887, 16.467554, 17.145878, 18.029211, 19.079211, 19.729211, 19.995878, 20.245878, 21.695878, 22.195878, 23.312545, 23.729212, 24.295878, 25.195878, 25.362545, 25.729212, 27.045878, 27.729212, 29.087687, 29.437687, 31.137687, 31.687687, 32.25421, 32.90421, 33.920877, 34.35421, 34.837544, 35.520877, 36.937544, 38.287544, 39.370877, 39.704211, 41.870877, 42.287544, 45.966669, 46.532255, 47.292897, 47.676231, 48.242897, 48.742897, 49.859564, 50.259564, 50.759564, 51.676231, 51.859564, 53.542898, 54.192898, 54.859564, 55.542898, 55.909564, 56.126231, 57.826231, 58.176231, 59.192898, 60.376231, 60.742321, 61.292321, 61.958988, 63.458988, 64.742321, 65.775655, 66.092321, 68.392322, 68.775655, 72.408988, 73.092322, 73.806488,74.189822,74.756488,75.256488,76.373155,76.773155,77.273155,78.189822,78.373155,80.056489,80.706489,81.373155,82.056489,82.42315,82.639822,84.339822,84.689822,85.706489,86.889822,87.255912,87.805912,88.472579,89.972579,91.25591,92.289246,92.605912,94.82257,95.205912],
	"right": [6.967554, 7.950887, 8.917554, 11.100887, 12.750887, 13.784221, 14.950887, 15.450887, 16.100887, 17.629211, 18.195878, 18.762545, 19.395878, 21.995878, 23.529212, 24.012545, 27.362545, 28.045879, 28.687687, 29.237687, 29.537687, 31.304354, 32.720877, 34.10421, 34.65421, 35.187544, 37.437544, 38.804211, 39.520877, 41.870877, 42.287544, 46.232255, 46.732255, 47.509564, 48.576231, 50.059564, 50.526231, 52.209564, 53.859564, 54.542898, 55.176231, 55.709564, 56.026231, 57.642898, 58.726231, 59.376231, 60.526231, 60.925654, 61.625655, 63.958988, 65.242321, 65.908988, 68.392322, 68.775655, 72.758988, 73.425655, 73.939821,75.006488,76.489821,76.956488,78.639821,80.289821,80.973155,81.606488,82.139821,82.456488,84.073155,85.156488,85.806488,86.95648,87.355911,88.055912,90.389245,91.672578,92.33924,94.82257,95.205912],
	"move": [31.65, 15.35, 11.25, 10.6, 19.15, 6.8]
}
